Workbook
Name Standortliste: 'Standorte'!$A$2:$A$101

Sheet Start
B2: Schnell erfassen: Verbrauchsmaterial
B5: 1. Datei unter eigenem Namen speichern. Jede neue Vorlage aus dem Programm oder dem Befehl stock-template hat 100 eigene feste Erfassungsnummern. Eine Kopie oder derselbe GitHub-Download behält dieselben Nummern.
B6: 2. Im Blatt Inventar eine Zeile je Artikel, Charge und Lagerort ausfüllen. Pflicht: Bezeichnung, Standort, Menge und Basiseinheit. Erfassungsnummern sind fest vorgegeben. Leere vorbereitete Zeilen werden beim Import ignoriert.
B7: 3. Menge immer als positive ganze Zahl in Basiseinheiten angeben, z. B. 20 Stück. Eine Packung mit 10 Stück bedeutet Menge 10 und Basiseinheit Stück. Ein Verpackungscode berechnet keine Menge. Nullbestände hier auslassen.
B8: 4. Charge und Verfall soweit bekannt ergänzen. Verfall als Text JJJJ-MM-TT, z. B. 2028-12-31. Nicht raten und keine Monatsdaten automatisch zum Monatsende erweitern. Unbekannte Charge oder unbekannter/abgelaufener Verfall wird in Quarantäne gebucht.
B9: 5. Fremdcode nimmt vorhandene Hersteller-/Verpackungscodes per USB-Handscanner auf, z. B. PZN oder GTIN. Alle Eingabefelder sind Text, damit führende Nullen bleiben. Der Code allein identifiziert noch keinen Artikel und keine Packungsgröße im Programm.
B10: 6. Die erzeugten Etiketten enthalten Erfassungsnummern für diese Liste, keine Hersteller- oder Chargenkennzeichnung. Optional am Erfassungsblatt oder Lagerbehälter verwenden; Originalkennzeichnungen nicht überkleben. Auf 100 % drucken und einen Barcode testen.
B11: 7. USB-Handscanner als Tastatur, Code 39 und Enter-Abschluss einstellen. Im Blatt Scanner Zelle B3 wählen, Erfassungsnummer oder Fremdcode scannen. Die Suche zeigt Grunddaten; mehrdeutige Codes werden gemeldet. Ein Scan erzeugt keine Buchung.
B12: 8. Standorte frei eintragen oder im Blatt Standorte sammeln. Beim Import ausdrücklich vorhandenen Programm-Lagerorten zuordnen. Für bestehende Artikel müssen Bezeichnung und Basiseinheit passen; bei mehrdeutigen Namen die Artikel-ID aus dem Katalog ergänzen.
B13: 9. Nur das Blatt Inventar als CSV UTF-8 speichern; die XLSX zusätzlich behalten. Im Programm Material-CSV öffnen und Importart wählen: Erstbestand für noch nicht erfasste Bestände; späterer Zugang nur für tatsächliche neue Lieferungen.
B14: 10. Vorschau prüfen: neue Artikel/Chargen, Menge, Standort und Quarantäne. Erstbestand wird abgelehnt, wenn der Artikelbestand am Ort schon erfasst wurde, auch mit Menge null. Für eine Bestandszählung die Bestandskorrektur im Programm verwenden, keine zusätzliche Eingangsbuchung.
B15: 11. Dieselbe Erfassungsnummer mit denselben Daten wird übersprungen, auch nach Entnahme oder Storno. Geänderte Daten zur gleichen Nummer werden abgelehnt. Für neue Lieferungen neue unbenutzte Erfassungsnummern verwenden; nicht alte Zeilen umschreiben.
B16: Grenzen: Überblick und dokumentierter Zugang, keine automatische Nutzbarkeitsfreigabe oder Packungsumrechnung. Die Tabelle bleibt nach dem Export offline; Bestandsänderungen im Programm werden nicht in Excel zurückgeschrieben. Keine Makros oder Barcode-Schriftarten.

Sheet Inventar
A1: Erfassungsnummer | B1: Bezeichnung | C1: Standort | D1: Menge | E1: Basiseinheit | F1: Charge | G1: Verfall | H1: Fremdcode | I1: Bemerkung | J1: Artikel-ID
A2: D-TEMPLATE0000-001
A3: D-TEMPLATE0000-002
A4: D-TEMPLATE0000-003
A5: D-TEMPLATE0000-004
A6: D-TEMPLATE0000-005
A7: D-TEMPLATE0000-006
A8: D-TEMPLATE0000-007
A9: D-TEMPLATE0000-008
A10: D-TEMPLATE0000-009
A11: D-TEMPLATE0000-010
A12: D-TEMPLATE0000-011
A13: D-TEMPLATE0000-012
... A101: D-TEMPLATE0000-100

Sheet Etiketten
A1: =Inventar!A2 -> D-TEMPLATE0000-001 | H1: =Inventar!A3 -> D-TEMPLATE0000-002
A3: =IF(Inventar!B2="","Noch nicht erfasst",Inventar!B2) -> Noch nicht erfasst | H3: =IF(Inventar!B3="","Noch nicht erfasst",Inventar!B3) -> Noch nicht erfasst
A5: =Inventar!A4 -> D-TEMPLATE0000-003 | H5: =Inventar!A5 -> D-TEMPLATE0000-004
A7: =IF(Inventar!B4="","Noch nicht erfasst",Inventar!B4) -> Noch nicht erfasst | H7: =IF(Inventar!B5="","Noch nicht erfasst",Inventar!B5) -> Noch nicht erfasst
A9: =Inventar!A6 -> D-TEMPLATE0000-005 | H9: =Inventar!A7 -> D-TEMPLATE0000-006
A11: =IF(Inventar!B6="","Noch nicht erfasst",Inventar!B6) -> Noch nicht erfasst | H11: =IF(Inventar!B7="","Noch nicht erfasst",Inventar!B7) -> Noch nicht erfasst
A13: =Inventar!A8 -> D-TEMPLATE0000-007 | H13: =Inventar!A9 -> D-TEMPLATE0000-008
A15: =IF(Inventar!B8="","Noch nicht erfasst",Inventar!B8) -> Noch nicht erfasst | H15: =IF(Inventar!B9="","Noch nicht erfasst",Inventar!B9) -> Noch nicht erfasst
A17: =Inventar!A10 -> D-TEMPLATE0000-009 | H17: =Inventar!A11 -> D-TEMPLATE0000-010
A19: =IF(Inventar!B10="","Noch nicht erfasst",Inventar!B10) -> Noch nicht erfasst | H19: =IF(Inventar!B11="","Noch nicht erfasst",Inventar!B11) -> Noch nicht erfasst
A21: =Inventar!A12 -> D-TEMPLATE0000-011 | H21: =Inventar!A13 -> D-TEMPLATE0000-012
A23: =IF(Inventar!B12="","Noch nicht erfasst",Inventar!B12) -> Noch nicht erfasst | H23: =IF(Inventar!B13="","Noch nicht erfasst",Inventar!B13) -> Noch nicht erfasst
A25: =Inventar!A14 -> D-TEMPLATE0000-013 | H25: =Inventar!A15 -> D-TEMPLATE0000-014
A27: =IF(Inventar!B14="","Noch nicht erfasst",Inventar!B14) -> Noch nicht erfasst | H27: =IF(Inventar!B15="","Noch nicht erfasst",Inventar!B15) -> Noch nicht erfasst
A29: =Inventar!A16 -> D-TEMPLATE0000-015 | H29: =Inventar!A17 -> D-TEMPLATE0000-016
A31: =IF(Inventar!B16="","Noch nicht erfasst",Inventar!B16) -> Noch nicht erfasst | H31: =IF(Inventar!B17="","Noch nicht erfasst",Inventar!B17) -> Noch nicht erfasst
A33: =Inventar!A18 -> D-TEMPLATE0000-017 | H33: =Inventar!A19 -> D-TEMPLATE0000-018
A35: =IF(Inventar!B18="","Noch nicht erfasst",Inventar!B18) -> Noch nicht erfasst | H35: =IF(Inventar!B19="","Noch nicht erfasst",Inventar!B19) -> Noch nicht erfasst
A37: =Inventar!A20 -> D-TEMPLATE0000-019 | H37: =Inventar!A21 -> D-TEMPLATE0000-020
A39: =IF(Inventar!B20="","Noch nicht erfasst",Inventar!B20) -> Noch nicht erfasst | H39: =IF(Inventar!B21="","Noch nicht erfasst",Inventar!B21) -> Noch nicht erfasst
A41: =Inventar!A22 -> D-TEMPLATE0000-021 | H41: =Inventar!A23 -> D-TEMPLATE0000-022
A43: =IF(Inventar!B22="","Noch nicht erfasst",Inventar!B22) -> Noch nicht erfasst | H43: =IF(Inventar!B23="","Noch nicht erfasst",Inventar!B23) -> Noch nicht erfasst
A45: =Inventar!A24 -> D-TEMPLATE0000-023 | H45: =Inventar!A25 -> D-TEMPLATE0000-024
A47: =IF(Inventar!B24="","Noch nicht erfasst",Inventar!B24) -> Noch nicht erfasst | H47: =IF(Inventar!B25="","Noch nicht erfasst",Inventar!B25) -> Noch nicht erfasst
A49: =Inventar!A26 -> D-TEMPLATE0000-025 | H49: =Inventar!A27 -> D-TEMPLATE0000-026
A51: =IF(Inventar!B26="","Noch nicht erfasst",Inventar!B26) -> Noch nicht erfasst | H51: =IF(Inventar!B27="","Noch nicht erfasst",Inventar!B27) -> Noch nicht erfasst
A53: =Inventar!A28 -> D-TEMPLATE0000-027 | H53: =Inventar!A29 -> D-TEMPLATE0000-028
A55: =IF(Inventar!B28="","Noch nicht erfasst",Inventar!B28) -> Noch nicht erfasst | H55: =IF(Inventar!B29="","Noch nicht erfasst",Inventar!B29) -> Noch nicht erfasst
A57: =Inventar!A30 -> D-TEMPLATE0000-029 | H57: =Inventar!A31 -> D-TEMPLATE0000-030
A59: =IF(Inventar!B30="","Noch nicht erfasst",Inventar!B30) -> Noch nicht erfasst | H59: =IF(Inventar!B31="","Noch nicht erfasst",Inventar!B31) -> Noch nicht erfasst
A61: =Inventar!A32 -> D-TEMPLATE0000-031 | H61: =Inventar!A33 -> D-TEMPLATE0000-032
A63: =IF(Inventar!B32="","Noch nicht erfasst",Inventar!B32) -> Noch nicht erfasst | H63: =IF(Inventar!B33="","Noch nicht erfasst",Inventar!B33) -> Noch nicht erfasst
A65: =Inventar!A34 -> D-TEMPLATE0000-033 | H65: =Inventar!A35 -> D-TEMPLATE0000-034
A67: =IF(Inventar!B34="","Noch nicht erfasst",Inventar!B34) -> Noch nicht erfasst | H67: =IF(Inventar!B35="","Noch nicht erfasst",Inventar!B35) -> Noch nicht erfasst
A69: =Inventar!A36 -> D-TEMPLATE0000-035 | H69: =Inventar!A37 -> D-TEMPLATE0000-036
A71: =IF(Inventar!B36="","Noch nicht erfasst",Inventar!B36) -> Noch nicht erfasst | H71: =IF(Inventar!B37="","Noch nicht erfasst",Inventar!B37) -> Noch nicht erfasst
A73: =Inventar!A38 -> D-TEMPLATE0000-037 | H73: =Inventar!A39 -> D-TEMPLATE0000-038
A75: =IF(Inventar!B38="","Noch nicht erfasst",Inventar!B38) -> Noch nicht erfasst | H75: =IF(Inventar!B39="","Noch nicht erfasst",Inventar!B39) -> Noch nicht erfasst
A77: =Inventar!A40 -> D-TEMPLATE0000-039 | H77: =Inventar!A41 -> D-TEMPLATE0000-040
A79: =IF(Inventar!B40="","Noch nicht erfasst",Inventar!B40) -> Noch nicht erfasst | H79: =IF(Inventar!B41="","Noch nicht erfasst",Inventar!B41) -> Noch nicht erfasst
A81: =Inventar!A42 -> D-TEMPLATE0000-041 | H81: =Inventar!A43 -> D-TEMPLATE0000-042
A83: =IF(Inventar!B42="","Noch nicht erfasst",Inventar!B42) -> Noch nicht erfasst | H83: =IF(Inventar!B43="","Noch nicht erfasst",Inventar!B43) -> Noch nicht erfasst
A85: =Inventar!A44 -> D-TEMPLATE0000-043 | H85: =Inventar!A45 -> D-TEMPLATE0000-044
A87: =IF(Inventar!B44="","Noch nicht erfasst",Inventar!B44) -> Noch nicht erfasst | H87: =IF(Inventar!B45="","Noch nicht erfasst",Inventar!B45) -> Noch nicht erfasst
A89: =Inventar!A46 -> D-TEMPLATE0000-045 | H89: =Inventar!A47 -> D-TEMPLATE0000-046
A91: =IF(Inventar!B46="","Noch nicht erfasst",Inventar!B46) -> Noch nicht erfasst | H91: =IF(Inventar!B47="","Noch nicht erfasst",Inventar!B47) -> Noch nicht erfasst
A93: =Inventar!A48 -> D-TEMPLATE0000-047 | H93: =Inventar!A49 -> D-TEMPLATE0000-048
A95: =IF(Inventar!B48="","Noch nicht erfasst",Inventar!B48) -> Noch nicht erfasst | H95: =IF(Inventar!B49="","Noch nicht erfasst",Inventar!B49) -> Noch nicht erfasst
A97: =Inventar!A50 -> D-TEMPLATE0000-049 | H97: =Inventar!A51 -> D-TEMPLATE0000-050
A99: =IF(Inventar!B50="","Noch nicht erfasst",Inventar!B50) -> Noch nicht erfasst | H99: =IF(Inventar!B51="","Noch nicht erfasst",Inventar!B51) -> Noch nicht erfasst
A101: =Inventar!A52 -> D-TEMPLATE0000-051 | H101: =Inventar!A53 -> D-TEMPLATE0000-052
A103: =IF(Inventar!B52="","Noch nicht erfasst",Inventar!B52) -> Noch nicht erfasst | H103: =IF(Inventar!B53="","Noch nicht erfasst",Inventar!B53) -> Noch nicht erfasst
A105: =Inventar!A54 -> D-TEMPLATE0000-053 | H105: =Inventar!A55 -> D-TEMPLATE0000-054
A107: =IF(Inventar!B54="","Noch nicht erfasst",Inventar!B54) -> Noch nicht erfasst | H107: =IF(Inventar!B55="","Noch nicht erfasst",Inventar!B55) -> Noch nicht erfasst
A109: =Inventar!A56 -> D-TEMPLATE0000-055 | H109: =Inventar!A57 -> D-TEMPLATE0000-056
A111: =IF(Inventar!B56="","Noch nicht erfasst",Inventar!B56) -> Noch nicht erfasst | H111: =IF(Inventar!B57="","Noch nicht erfasst",Inventar!B57) -> Noch nicht erfasst
A113: =Inventar!A58 -> D-TEMPLATE0000-057 | H113: =Inventar!A59 -> D-TEMPLATE0000-058
A115: =IF(Inventar!B58="","Noch nicht erfasst",Inventar!B58) -> Noch nicht erfasst | H115: =IF(Inventar!B59="","Noch nicht erfasst",Inventar!B59) -> Noch nicht erfasst
A117: =Inventar!A60 -> D-TEMPLATE0000-059 | H117: =Inventar!A61 -> D-TEMPLATE0000-060
A119: =IF(Inventar!B60="","Noch nicht erfasst",Inventar!B60) -> Noch nicht erfasst | H119: =IF(Inventar!B61="","Noch nicht erfasst",Inventar!B61) -> Noch nicht erfasst
A121: =Inventar!A62 -> D-TEMPLATE0000-061 | H121: =Inventar!A63 -> D-TEMPLATE0000-062
A123: =IF(Inventar!B62="","Noch nicht erfasst",Inventar!B62) -> Noch nicht erfasst | H123: =IF(Inventar!B63="","Noch nicht erfasst",Inventar!B63) -> Noch nicht erfasst
A125: =Inventar!A64 -> D-TEMPLATE0000-063 | H125: =Inventar!A65 -> D-TEMPLATE0000-064
A127: =IF(Inventar!B64="","Noch nicht erfasst",Inventar!B64) -> Noch nicht erfasst | H127: =IF(Inventar!B65="","Noch nicht erfasst",Inventar!B65) -> Noch nicht erfasst
A129: =Inventar!A66 -> D-TEMPLATE0000-065 | H129: =Inventar!A67 -> D-TEMPLATE0000-066
A131: =IF(Inventar!B66="","Noch nicht erfasst",Inventar!B66) -> Noch nicht erfasst | H131: =IF(Inventar!B67="","Noch nicht erfasst",Inventar!B67) -> Noch nicht erfasst
A133: =Inventar!A68 -> D-TEMPLATE0000-067 | H133: =Inventar!A69 -> D-TEMPLATE0000-068
A135: =IF(Inventar!B68="","Noch nicht erfasst",Inventar!B68) -> Noch nicht erfasst | H135: =IF(Inventar!B69="","Noch nicht erfasst",Inventar!B69) -> Noch nicht erfasst
A137: =Inventar!A70 -> D-TEMPLATE0000-069 | H137: =Inventar!A71 -> D-TEMPLATE0000-070
A139: =IF(Inventar!B70="","Noch nicht erfasst",Inventar!B70) -> Noch nicht erfasst | H139: =IF(Inventar!B71="","Noch nicht erfasst",Inventar!B71) -> Noch nicht erfasst
A141: =Inventar!A72 -> D-TEMPLATE0000-071 | H141: =Inventar!A73 -> D-TEMPLATE0000-072
A143: =IF(Inventar!B72="","Noch nicht erfasst",Inventar!B72) -> Noch nicht erfasst | H143: =IF(Inventar!B73="","Noch nicht erfasst",Inventar!B73) -> Noch nicht erfasst
A145: =Inventar!A74 -> D-TEMPLATE0000-073 | H145: =Inventar!A75 -> D-TEMPLATE0000-074
A147: =IF(Inventar!B74="","Noch nicht erfasst",Inventar!B74) -> Noch nicht erfasst | H147: =IF(Inventar!B75="","Noch nicht erfasst",Inventar!B75) -> Noch nicht erfasst
A149: =Inventar!A76 -> D-TEMPLATE0000-075 | H149: =Inventar!A77 -> D-TEMPLATE0000-076
A151: =IF(Inventar!B76="","Noch nicht erfasst",Inventar!B76) -> Noch nicht erfasst | H151: =IF(Inventar!B77="","Noch nicht erfasst",Inventar!B77) -> Noch nicht erfasst
A153: =Inventar!A78 -> D-TEMPLATE0000-077 | H153: =Inventar!A79 -> D-TEMPLATE0000-078
A155: =IF(Inventar!B78="","Noch nicht erfasst",Inventar!B78) -> Noch nicht erfasst | H155: =IF(Inventar!B79="","Noch nicht erfasst",Inventar!B79) -> Noch nicht erfasst
A157: =Inventar!A80 -> D-TEMPLATE0000-079 | H157: =Inventar!A81 -> D-TEMPLATE0000-080
A159: =IF(Inventar!B80="","Noch nicht erfasst",Inventar!B80) -> Noch nicht erfasst | H159: =IF(Inventar!B81="","Noch nicht erfasst",Inventar!B81) -> Noch nicht erfasst
A161: =Inventar!A82 -> D-TEMPLATE0000-081 | H161: =Inventar!A83 -> D-TEMPLATE0000-082
A163: =IF(Inventar!B82="","Noch nicht erfasst",Inventar!B82) -> Noch nicht erfasst | H163: =IF(Inventar!B83="","Noch nicht erfasst",Inventar!B83) -> Noch nicht erfasst
A165: =Inventar!A84 -> D-TEMPLATE0000-083 | H165: =Inventar!A85 -> D-TEMPLATE0000-084
A167: =IF(Inventar!B84="","Noch nicht erfasst",Inventar!B84) -> Noch nicht erfasst | H167: =IF(Inventar!B85="","Noch nicht erfasst",Inventar!B85) -> Noch nicht erfasst
A169: =Inventar!A86 -> D-TEMPLATE0000-085 | H169: =Inventar!A87 -> D-TEMPLATE0000-086
A171: =IF(Inventar!B86="","Noch nicht erfasst",Inventar!B86) -> Noch nicht erfasst | H171: =IF(Inventar!B87="","Noch nicht erfasst",Inventar!B87) -> Noch nicht erfasst
A173: =Inventar!A88 -> D-TEMPLATE0000-087 | H173: =Inventar!A89 -> D-TEMPLATE0000-088
A175: =IF(Inventar!B88="","Noch nicht erfasst",Inventar!B88) -> Noch nicht erfasst | H175: =IF(Inventar!B89="","Noch nicht erfasst",Inventar!B89) -> Noch nicht erfasst
A177: =Inventar!A90 -> D-TEMPLATE0000-089 | H177: =Inventar!A91 -> D-TEMPLATE0000-090
A179: =IF(Inventar!B90="","Noch nicht erfasst",Inventar!B90) -> Noch nicht erfasst | H179: =IF(Inventar!B91="","Noch nicht erfasst",Inventar!B91) -> Noch nicht erfasst
A181: =Inventar!A92 -> D-TEMPLATE0000-091 | H181: =Inventar!A93 -> D-TEMPLATE0000-092
A183: =IF(Inventar!B92="","Noch nicht erfasst",Inventar!B92) -> Noch nicht erfasst | H183: =IF(Inventar!B93="","Noch nicht erfasst",Inventar!B93) -> Noch nicht erfasst
A185: =Inventar!A94 -> D-TEMPLATE0000-093 | H185: =Inventar!A95 -> D-TEMPLATE0000-094
A187: =IF(Inventar!B94="","Noch nicht erfasst",Inventar!B94) -> Noch nicht erfasst | H187: =IF(Inventar!B95="","Noch nicht erfasst",Inventar!B95) -> Noch nicht erfasst
A189: =Inventar!A96 -> D-TEMPLATE0000-095 | H189: =Inventar!A97 -> D-TEMPLATE0000-096
A191: =IF(Inventar!B96="","Noch nicht erfasst",Inventar!B96) -> Noch nicht erfasst | H191: =IF(Inventar!B97="","Noch nicht erfasst",Inventar!B97) -> Noch nicht erfasst
A193: =Inventar!A98 -> D-TEMPLATE0000-097 | H193: =Inventar!A99 -> D-TEMPLATE0000-098
A195: =IF(Inventar!B98="","Noch nicht erfasst",Inventar!B98) -> Noch nicht erfasst | H195: =IF(Inventar!B99="","Noch nicht erfasst",Inventar!B99) -> Noch nicht erfasst
A197: =Inventar!A100 -> D-TEMPLATE0000-099 | H197: =Inventar!A101 -> D-TEMPLATE0000-100
A199: =IF(Inventar!B100="","Noch nicht erfasst",Inventar!B100) -> Noch nicht erfasst | H199: =IF(Inventar!B101="","Noch nicht erfasst",Inventar!B101) -> Noch nicht erfasst

Sheet Scanner
A1: Barcode suchen
C2: =SUBSTITUTE(SUBSTITUTE(SUBSTITUTE(B3,"~","~~"),"*","~*"),"?","~?")
A3: Hier scannen → | C3: =IFERROR(MATCH($C$2,Inventar!$A$2:$A$101,0),IFERROR(MATCH($C$2,Inventar!$H$2:$H$101,0),0)) -> 0
B4: B3 wählen, scannen, Enter; USB-Scanner sendet Tastatureingabe.
B5: =IF(B3="","",IF(COUNTIF(Inventar!$A$2:$A$101,$C$2)+COUNTIF(Inventar!$H$2:$H$101,$C$2)>1,"Mehrdeutiger Code – Inventar prüfen",IF(COUNTIF(Inventar!$A$2:$A$101,$C$2)+COUNTIF(Inventar!$H$2:$H$101,$C$2)=0,"Code nicht gefunden","Gefunden")))
A8: Erfassungsnummer | B8: =IF(OR($B$3="",$B$5<>"Gefunden"),"",IF(INDEX(Inventar!$A$2:$A$101,$C$3)="","",INDEX(Inventar!$A$2:$A$101,$C$3)))
A9: Bezeichnung | B9: =IF(OR($B$3="",$B$5<>"Gefunden"),"",IF(INDEX(Inventar!$B$2:$B$101,$C$3)="","",INDEX(Inventar!$B$2:$B$101,$C$3)))
A10: Standort | B10: =IF(OR($B$3="",$B$5<>"Gefunden"),"",IF(INDEX(Inventar!$C$2:$C$101,$C$3)="","",INDEX(Inventar!$C$2:$C$101,$C$3)))
A11: Menge | B11: =IF(OR($B$3="",$B$5<>"Gefunden"),"",IF(INDEX(Inventar!$D$2:$D$101,$C$3)="","",INDEX(Inventar!$D$2:$D$101,$C$3)))
A12: Basiseinheit | B12: =IF(OR($B$3="",$B$5<>"Gefunden"),"",IF(INDEX(Inventar!$E$2:$E$101,$C$3)="","",INDEX(Inventar!$E$2:$E$101,$C$3)))
A13: Charge | B13: =IF(OR($B$3="",$B$5<>"Gefunden"),"",IF(INDEX(Inventar!$F$2:$F$101,$C$3)="","",INDEX(Inventar!$F$2:$F$101,$C$3)))
A14: Verfall | B14: =IF(OR($B$3="",$B$5<>"Gefunden"),"",IF(INDEX(Inventar!$G$2:$G$101,$C$3)="","",INDEX(Inventar!$G$2:$G$101,$C$3)))
A15: Fremdcode | B15: =IF(OR($B$3="",$B$5<>"Gefunden"),"",IF(INDEX(Inventar!$H$2:$H$101,$C$3)="","",INDEX(Inventar!$H$2:$H$101,$C$3)))
A16: Bemerkung | B16: =IF(OR($B$3="",$B$5<>"Gefunden"),"",IF(INDEX(Inventar!$I$2:$I$101,$C$3)="","",INDEX(Inventar!$I$2:$I$101,$C$3)))
A17: Artikel-ID | B17: =IF(OR($B$3="",$B$5<>"Gefunden"),"",IF(INDEX(Inventar!$J$2:$J$101,$C$3)="","",INDEX(Inventar!$J$2:$J$101,$C$3)))

Sheet Standorte
A1: Standortnamen
B2: Hier eigene Standortnamen sammeln, z. B. Fahrzeug 1, Lager oder Tasche. Keine UUID nötig.
